Shopping,Area por m2,City,State
ÁGUAS CLARAS SHOPPING,12626,Brasília , DF
ÁGUAS LINDAS SHOPPING,67788,Águas Lindas de Goiás , GO
ALAMEDA JUIZ DE FORA,12437,Juiz de Fora , MG
ALAMEDA SHOPPING,4807,Brasília , DF
ALPHA SQUARE MALL,0,Barueri , SP
ALTO DA XV MALL,16803,Curitiba , PR
AMAPÁ GARDEN SHOPPING,69353,Macapá , AP
AMAZONAS SHOPPING CENTER,63042,Manaus , AM
AMÉRICAS SHOPPING,35000,Rio de Janeiro , RJ
ANASHOPPING,50000,Anápolis , GO
ANCHIETA GARDEN SHOPPING,6039,Belo Horizonte , MG
ANHANGUERA PARQUE SHOPPING,65521,Cajamar , SP
APARECIDA SHOPPING,52134,Aparecida de Goiânia , GO
ARACAJU PARQUE SHOPPING,37000,Aracaju , SE
ARAÇATUBA SHOPPING CENTER,13194,Araçatuba , SP
ARAGUAIA SHOPPING,89264,Goiânia , GO
ATRIUM SHOPPING SANTO ANDRÉ,15080,Santo André , SP
AURORA SHOPPING,9179,Londrina , PR
BALNEÁRIO SHOPPING,58139,Balneário Camboriú , SC
BANGU SHOPPING,137756,Rio de Janeiro , RJ
BARBACENA SHOPPING CENTER,0,Barbacena , MG
BARRA CENTER SHOPPING,36000,Barra do Garças , MT
BARRA GARDEN SHOPPING,14873,Rio de Janeiro , RJ
BARRASHOPPING,165386,Rio de Janeiro , RJ
BARRASHOPPINGSUL,187874,Porto Alegre , RS
BAURU SHOPPING CENTER,30177,Bauru , SP
BEBEDOURO SHOPPING CENTER,90974,Bebedouro , SP
BEIRAMAR SHOPPING,45000,Florianópolis , SC
BELLA CITTÀ SHOPPING CENTER,7500,Passo Fundo , RS
BETIM SHOPPING,20787,Betim , MG
BH SHOPPING,62138,Belo Horizonte , MG
BIG SHOPPING,48650,Contagem , MG
BOAVISTA SHOPPING,34872,São Paulo , SP
BOSSA NOVA MALL,13217,Rio de Janeiro , RJ
BOTAFOGO PRAIA SHOPPING,5703,Rio de Janeiro , RJ
BOULEVARD ASSIS BRASIL,17995,Porto Alegre , RS
BOULEVARD CENTER MURIAÉ,0,Muriaé , MG
BOULEVARD CIDADE BOTUCATU,7630,Botucatu , SP
BOULEVARD LONDRINA SHOPPING,80000,Londrina , PR
BOULEVARD MARICÁ,7173,Maricá , RJ
BOULEVARD SHOPPING BAURU,51383,Bauru , SP
BOULEVARD SHOPPING BELÉM,16438,Belém , PA
BOULEVARD SHOPPING BELO HORIZONTE,25777,Belo Horizonte , MG
BOULEVARD SHOPPING BRASÍLIA,48829,Brasília , DF
BOULEVARD SHOPPING CAMAÇARI,70000,Camaçari , BA
BOULEVARD SHOPPING CAMPOS,151652,Campos dos Goytacazes , RJ
BOULEVARD SHOPPING FEIRA DE SANTANA,85886,Feira de Santana , BA
BOULEVARD SHOPPING MOGI GUAÇU,103000,Mogi Guaçu , SP
BOULEVARD SHOPPING VILA VELHA,118762,Vila Velha , ES
BOULEVARD SHOPPING VITÓRIA DA CONQUISTA,200000,Vitória da Conquista , BA
BOURBON CANOAS,37946,Canoas , RS
BOURBON PASSO FUNDO,46004,Passo Fundo , RS
BOURBON SHOPPING ASSIS BRASIL,100058,Porto Alegre , RS
BOURBON SHOPPING COUNTRY,44579,Porto Alegre , RS
BOURBON SHOPPING IPIRANGA,37755,Porto Alegre , RS
BOURBON SHOPPING NOVO HAMBURGO,13801,Novo Hamburgo , RS
BOURBON SHOPPING SAN PELLEGRINO,9880,Caxias do Sul , RS
BOURBON SHOPPING SÃO LEOPOLDO,9632,São Leopoldo , RS
BOURBON SHOPPING SÃO PAULO,33081,São Paulo , SP
BOURBON SHOPPING TERESÓPOLIS,13717,Porto Alegre , RS
BOURBON SHOPPING WALLIG,33824,Porto Alegre , RS
BRAGANÇA SHOPPING CENTER,69352,Bragança Paulista , SP
BRASIL CENTER SHOPPING,25151,Valparaíso de Goiás , GO
BRASIL PARK SHOPPING,30750,Anápolis , GO
BRASÍLIA SHOPPING,14400,Brasília , DF
BRAVAMALL,18000,Itajaí , SC
BRISAMAR SHOPPING,8514,São Vicente , SP
BUENA VISTA SHOPPING,6475,Goiânia , GO
BURITI SHOPPING,67679,Aparecida de Goiânia , GO
BURITI SHOPPING GUARÁ,34376,Guaratinguetá , SP
BURITI SHOPPING MOGI GUAÇU,169076,Mogi Guaçu , SP
BURITI SHOPPING RIO VERDE,80058,Rio Verde , GO
BUTANTÃ SHOPPING,53926,São Paulo , SP
CALÇADÃO PRAIA SHOPPING,7045,Itapema , SC
CAMARÁ SHOPPING,109152,Camaragibe , PE
CAMPINAS SHOPPING CENTER,80784,Campinas , SP
CANOAS SHOPPING,64690,Canoas , RS
CANTAREIRA NORTE SHOPPING,75000,São Paulo , SP
CAPIM DOURADO SHOPPING,93203,Palmas , TO
CARIOCA SHOPPING,56633,Rio de Janeiro , RJ
CARIRI SHOPPING,51137,Juazeiro do Norte , CE
CARUARU SHOPPING,120000,Caruaru , PE
CASA & GOURMET SHOPPING,18752,Rio de Janeiro , RJ
CASAPARK SHOPPING CENTER,30000,Brasília , DF
CASASHOPPING,74450,Rio de Janeiro , RJ
CASCAVEL JL SHOPPING,28221,Cascavel , PR
CASTANHEIRA SHOPPING CENTER,33050,Belém , PA
CATALÃO SHOPPING,21213,Catalão , GO
CATARATAS JL SHOPPING,13811,Foz do Iguaçu , PR
CATUAÍ PALLADIUM SHOPPING CENTER,100000,Foz do Iguaçu , PR
CATUAÍ SHOPPING CENTER LONDRINA,161725,Londrina , PR
CATUAÍ SHOPPING MARINGÁ,135482,Maringá , PR
CAXIAS SHOPPING,90247,Duque de Caxias , RJ
CAXIAS SHOPPING CENTER,76281,Caxias , MA
CENTER SHOPPING (RJ),8533,Rio de Janeiro , RJ
CENTER SHOPPING UBERLÂNDIA,94231,Uberlândia , MG
CENTERVALE SHOPPING,111036,São José dos Campos , SP
CENTRAL PLAZA SHOPPING CENTER,99000,São Paulo , SP
CENTRO COMERCIAL ARICANDUVA,1000000,São Paulo , SP
COCAIS SHOPPING,43000,Timon , MA
COLINAS SHOPPING,80858,São José dos Campos , SP
COLOMBO PARK SHOPPING,24108,Colombo , PR
COMTOUR LONDRINA SHOPPING CENTER,17000,Londrina , PR
CONTINENTAL SHOPPING,46612,São Paulo , SP
CONTINENTE SHOPPING,132724,São José , SC
CRICIÚMA SHOPPING CENTER,2583760,Criciúma , SC
D&D DECORAÇÃO E DESIGN CENTER,166378,São Paulo , SP
DC SHOPPING,45588,Porto Alegre , RS
DF PLAZA SHOPPING,25726,Brasília , DF
DIAMONDMALL,13352,Belo Horizonte , MG
DUTRA 107 TAUBATÉ,0,Taubaté , SP
ECO VALLE SHOPPING,319139,Lorena , SP
ESMERALDA SHOPPING,8967,Marília , SP
FARO SHOPPING,4200,São José dos Campos , SP
FAROL SHOPPING,70007,Tubarão , SC
FASHION MALL,13546,Rio de Janeiro , RJ
FELICITTÀ SHOPPING,19330,Brasília , DF
FLAMBOYANT SHOPPING CENTER,157314,Goiânia , GO
FLORIPA SHOPPING,27926,Florianópolis , SC
FRANCA SHOPPING CENTER,70000,Franca , SP
FRIBURGO SHOPPING,3651,Nova Friburgo , RJ
GALLERIA SHOPPING,0,Campinas , SP
GARDEN SHOPPING CATANDUVA,30494,Catanduva , SP
GARTEN SHOPPING,75979,joinville , SC
GOIABEIRAS SHOPPING CENTER,15537,Cuiabá , MT
GOIÂNIA SHOPPING,52984,Goiânia , GO
GOLDEN SHOPPING CALHAU,46220,São Luís , MA
GOLDEN SQUARE SHOPPING CENTER,19503,São Bernardo do Campo , SP
GRAND PLAZA SHOPPING,146530,Santo André , SP
GRAND SHOPPING,12946,Fortaleza , CE
GRAVATAÍ SHOPPING CENTER,71163,Gravataí , RS
GUARUS PLAZA SHOPPING,35574,Campos dos Goytacazes , RJ
GV SHOPPING,70000,Governador Valadares , MG
HIPERSHOPPING PETRÓPOLIS,47132,Petrópolis , RJ
IANDÊ SHOPPING CAUCAIA,22489,Caucaia , CE
IGUATEMI BOSQUE,190786,Fortaleza , CE
ILHA PLAZA SHOPPING,9929,Rio de Janeiro , RJ
IMPERIAL SHOPPING,68419,Imperatriz , MA
INDEPENDÊNCIA SHOPPING,32315,Juiz de Fora , MG
INTERNACIONAL SHOPPING,120868,Guarulhos , SP
IPÊ SHOPPING,27000,Mineiros , GO
ITA SHOPPING,2366,Itapevi , SP
ITA SHOPPING VILA NOVA,0,Itapevi , SP
ITABORAÍ PLAZA,63000,Itaboraí , RJ
ITAGUARI SHOPPING CENTER,8430,Santo Antônio de Jesus , BA
ITAJAÍ SHOPPING CENTER,11633,Itajaí , SC
ITAPÊ SHOPPING,37000,Itapetininga , SP
ITAPECERICA SHOPPING,6568,Itapecerica da Serra , SP
ITAPEVI CENTER,29128,Itapevi , SP
ITAQUÁ PARK SHOPPING,79512,Itaquaquecetuba , SP
ITAÚPOWER SHOPPING,36446,Contagem , MG
JACAREÍ SHOPPING CENTER,16378,Jacareí , SP
JARAGUÁ DO SUL PARK SHOPPING,14808,Jaraguá do sul , SC
JARDIM PAMPLONA SHOPPING,11925,São Paulo , SP
JATAHY SHOPPING,76685,Jataí , GO
JAÚ SHOPPING CENTER,6397,Jaú , SP
JK SHOPPING & TOWER,36171,Brasília , DF
JOCKEY PLAZA SHOPPING,91148,Curitiba , PR
JUÁ GARDEN SHOPPING,55000,Juazeiro , BA
JUNDIAÍSHOPPING,45000,Jundiaí , SP
JURERE OPEN SHOPPING,5815,Florianópolis , SC
LAGES SHOPPING CENTER,42212,Lages , SC
LEOPOLDINA SHOPPING,3688,Rio de Janeiro , RJ
LIBERTY MALL,6400,Brasília , DF
LIMEIRA SHOPPING,56033,Limeira , SP
LITORAL PLAZA SHOPPING,290000,Praia Grande , SP
LIV MALL,8000,João Pessoa , PB
LONDRINA NORTE SHOPPING,0,Londrina , PR
LUZIÂNIA SHOPPING,4331,Luziânia , GO
MACAPÁ SHOPPING,14031,Macapá , AP
MACEIÓ SHOPPING,76310,Maceió , AL
MADUREIRA SHOPPING,13008,Rio de Janeiro , RJ
MAG SHOPPING,6000,João Pessoa , PB
MAIS SHOPPING,18084,São Paulo , SP
MANAÍRA SHOPPING,92500,João Pessoa , PB
MANAUARA SHOPPING,62068,Manaus , AM
MANAUS PLAZA SHOPPING,29805,Manaus , AM
MANGABEIRA SHOPPING,85000,João Pessoa , PB
MARANGUAPE SHOPPING MALL,0,Maranguape , CE
MARÍLIA SHOPPING,61000,Marília , SP
MARINGÁ PARK SHOPPING CENTER,5680,Maringá , PR
MARKET PLACE SHOPPING CENTER,0,São Paulo , SP
MASTERPLACE MALL,20207,Vitória , ES
MAUÁ PLAZA SHOPPING,86995,Mauá , SP
MAXI SHOPPING JUNDIAI,87000,Jundiaí , SP
MEGA MODA SHOPPING,10616,Goiânia , GO
MEGA POLO MODA,10500,São Paulo , SP
MIDWAY MALL,68000,Natal , RN
MILLENNIUM SHOPPING MALL,22807,Manaus , AM
MINAS SHOPPING,85772,Belo Horizonte , MG
MIRAMAR SHOPPING CENTER,5328,Santos , SP
MISTER SHOPPING,3150,Juiz de Fora , MG
MOGI SHOPPING,102740,Mogi das Cruzes , SP
MOINHOS SHOPPING,7422,Porto Alegre , RS
MONET PLAZA SHOPPING,33299,Santa Maria , RS
MONTE CARMO SHOPPING,137602,Betim , MG
MONTES CLAROS SHOPPING,148803,Montes Claros , MG
MOOCA PLAZA SHOPPING,141277,São Paulo , SP
MORUMBI TOWN SHOPPING,22400,São Paulo , SP
MORUMBISHOPPING,56475,São Paulo , SP
NAÇÕES SHOPPING,86000,Criciúma , SC
NATAL SHOPPING CENTER,36330,Natal , RN
NEUMARKT SHOPPING,37790,Blumenau , SC
NEW YORK CITY CENTER,18214,Rio de Janeiro , RJ
NILÓPOLIS SQUARE,3479,Nilópolis , RJ
NITEROISHOPPING,0,NITERÓI , RJ
NORTE SHOPPING,105067,Blumenau , SC
NORTE SUL PLAZA,91471,Campo Grande , MS
NORTESHOPPING,119970,Rio de Janeiro , RJ
NORTH SHOPPING BARRETOS,46820,Barretos , SP
NORTH SHOPPING FORTALEZA,32999,Fortaleza , CE
NORTH SHOPPING JÓQUEI,57656,Fortaleza , CE
NORTH SHOPPING MARACANAÚ,22000,Maracanaú , CE
NOVO SHOPPING CENTER RIBEIRÃO PRETO,440000,Ribeirão Preto , SP
OESTE PLAZA SHOPPING,0,Andradina , SP
OPEN MALL THE SQUARE,0,Cotia , SP
OSASCO PLAZA SHOPPING,27254,Osasco , SP
OURINHOS PLAZA SHOPPING,14679,Ourinhos , SP
PALMAS SHOPPING,6700,Palmas , TO
PANORÂMICO SHOPPING CENTER,0,Sorocaba , SP
PANTANAL SHOPPING,110707,Cuiabá , MT
PARAGEM SHOPPING,5008,Belo Horizonte , MG
PARK SHOPPING BOULEVARD,0,Curitiba , PR
PARKJACAREPAGUÁ,94936,Rio de Janeiro , RJ
PARKSHOPPING,127592,Brasília , DF
PARKSHOPPING CANOAS,93000,Canoas , RS
PARKSHOPPING MOGI MIRIM,40457,Mogi Mirim , SP
PARKSHOPPING SÃO CAETANO,69468,São Caetano do Sul , SP
PARKSHOPPINGBARIGUI,134654,Curitiba , PR
PARKSHOPPINGCAMPOGRANDE,304359,Rio de Janeiro , RJ
PARNAÍBA SHOPPING,25290,Parnaíba , PI
PARQUE DOM PEDRO,461200,Campinas , SP
PARQUE FLORIANO SHOPPING,39120,Floriano , PI
PARQUE MALL,9000,Indaiatuba , SP
PARQUE SHOPPING BAHIA,138400,Lauro de Freitas , BA
PARQUE SHOPPING BARUERI,75809,Barueri , SP
PARQUE SHOPPING BELÉM,57585,Belém , PA
PARQUE SHOPPING MACEIÓ,104250,Maceió , AL
PARQUE SHOPPING MAIA,44169,Guarulhos , SP
PARQUE SHOPPING PRUDENTE,19709,Presidente Prudente , SP
PARQUE SHOPPING SULACAP,61287,Rio de Janeiro , RJ
PARTAGE ARAPIRACA,56570,Arapiraca , AL
PARTAGE NORTE SHOPPING NATAL,60404,Natal , RN
PARTAGE POÇOS DE CALDAS,29459,Poços de Caldas , MG
PARTAGE SHOPPING BETIM,107929,Betim , MG
PARTAGE SHOPPING CAMPINA GRANDE,47105,Campina Grande , PB
PARTAGE SHOPPING MARABÁ,34212,Marabá , PA
PARTAGE SHOPPING MOSSORÓ,80687,Mossoró , RN
PARTAGE SHOPPING PARAUAPEBAS,24743,Parauapebas , PA
PARTAGE SHOPPING RIO GRANDE,577406,Rio Grande , RS
PARTAGE SHOPPING SÃO GONÇALO,26292,São Gonçalo , RJ
PASEO ALTO DAS NAÇÕES,320000,São Paulo , SP
PASSEIO DAS ÁGUAS SHOPPING,267276,Goiânia , GO
PASSEIO PEDRA BRANCA,9724,Palhoça , SC
PASSEIO SÃO CARLOS,0,São Carlos , SP
PASSEIO SHOPPING,5293,Rio de Janeiro , RJ
PASSO FUNDO SHOPPING,75280,Passo Fundo , RS
PATEO ITAQUÁ,26444,Itaquaquecetuba , SP
PÁTIO ALCÂNTARA,3664,São Gonçalo , RJ
PÁTIO BATEL,20450,Curitiba , PR
PÁTIO BRASIL SHOPPING,8000,Brasília , DF
PÁTIO CENTRAL SHOPPING,26000,Campo Grande , MS
PÁTIO CENTRAL SHOPPING,26724,Patos de Minas , MG
PÁTIO CIANÊ SHOPPING,47000,Sorocaba , SP
PÁTIO COTIA,6770,Cotia , SP
PÁTIO DOM LUIS,10000,Fortaleza , CE
PÁTIO LIMEIRA SHOPPING,16584,Limeira , SP
PÁTIO MATOSINHOS,0,São João del Rei , MG
PÁTIO NORTE SHOPPING,71571,São José de Ribamar , MA
PÁTIO OSASCO OPEN MALL,10132,Osasco , SP
PÁTIO RORAIMA SHOPPING,99832,Boa Vista , RR
PÁTIO SABIÁ,21208,Uberlândia , MG
PÁTIO SAVASSI,18354,Belo Horizonte , MG
PÁTIO SHOPPING CHAPECÓ,47605,Chapecó , SC
PÁTIO VINHEDOS,11111,Uberlândia , MG
PÁTIOMIX COSTA VERDE,54436,Itaguaí , RJ
PÁTIOMIX LINHARES,75000,Linhares , ES
PÁTIOMIX RESENDE,0,Resende , RJ
PÁTIOMIX TEIXEIRA DE FREITAS,17803,Teixeira de Freitas , BA
PATOS SHOPPING,43308,Patos , PB
PAULINIA SHOPPING WINNER MALL,14670,Paulínia , SP
PAULISTA NORTH WAY,96000,Paulista , PE
PB SHOPPING,0,Pato Branco , PR
PENÁPOLIS GARDEN SHOPPING,47938,Penápolis , SP
PENHA SHOPPING,0,Rio de Janeiro , RJ
PERIM CENTER,41265,Cachoeiro de Itapemirim , ES
PERIMETRAL OPEN MALL,20000,Goiânia , GO
PIAUÍ SHOPPING CENTER,50972,Picos , PI
PIRÂMIDE SHOPPING,0,João Pessoa , PB
PLANET SHOPPING,0,Londrina , PR
PLAZA AVENIDA SHOPPING,62900,São José do Rio Preto , SP
PLAZA D’ORO SHOPPING,17241,Goiânia , GO
PLAZA SHOPPING CARAPICUÍBA,21120,Carapicuíba , SP
PLAZA SHOPPING CASA FORTE,10160,Recife , PE
PLAZA SHOPPING ITU,96276,Itu , SP
PLAZA SHOPPING NITERÓI,172922,NITERÓI , RJ
PLAZA SUL SHOPPING,21224,São Paulo , SP
POLO CARUARU,157270,Caruaru , PE
POLO SHOPPING INDAIATUBA,120000,Indaiatuba , SP
PONTAL SHOPPING,19791,Porto Alegre , RS
PONTÃO DO LAGO SUL,1240000,Brasília , DF
PONTEIO LAR SHOPPING,15035,Belo Horizonte , MG
PORTAL SHOPPING,42782,Goiânia , GO
PORTAL SUL SHOPPING,31083,Goiânia , GO
PORTO ALEGRE CENTERLAR,32274,Porto Alegre , RS
PORTO VELHO SHOPPING,138000,Porto Velho , RO
POUPA SHOPPING COTIA,20000,Cotia , SP
POWER SHOPPING CENTERMINAS,47185,Belo Horizonte , MG
PRAÇA RIO GRANDE SHOPPING CENTER,125158,Rio Grande , RS
PRAÇA UBERABA SHOPPING CENTER,46182,Uberaba , MG
PRADO BOULEVARD,15915,Campinas , SP
PRAIA DE BELAS SHOPPING CENTER,0,Porto Alegre , RS
PRAIA SHOPPING,10483,Natal , RN
PRAIAMAR SHOPPING CENTER,0,Santos , SP
PRATAVIERA SHOPPING,1804,Caxias do Sul , RS
PRUDENSHOPPING,61345,Presidente Prudente , SP
RAPOSO SHOPPING,45685,São Paulo , SP
RECANTO SHOPPING,4290,Brasília , DF
RECREIO SHOPPING CENTER,37650,Rio de Janeiro , RJ
RESENDE SHOPPING,6800,Resende , RJ
RESERVA OPEN MALL,0,Fortaleza , CE
RIBEIRÃOSHOPPING,237306,Ribeirão Preto , SP
RIO ANIL SHOPPING,61155,São Luís , MA
RIO DESIGN BARRA,29955,Rio de Janeiro , RJ
RIO DESIGN LEBLON,0,Rio de Janeiro , RJ
RIO SUL SHOPPING CENTER,23127,Rio de Janeiro , RJ
RIO TAPAJÓS SHOPPING,54000,Santarém , PA
RIOMAR KENNEDY,82460,Fortaleza , CE
RIOMAR SHOPPING (FORTALEZA),320000,Fortaleza , CE
RIOMAR SHOPPING ARACAJU,94020,Aracaju , SE
RIOPRETO SHOPPING CENTER,107000,São José do Rio Preto , SP
RIVER SHOPPING,107350,Petrolina , PE
ROAD SHOPPING,101000,Itu , SP
RONDON PLAZA SHOPPING,61062,RONDONÓPOLIS , MT
RORAIMA GARDEN SHOPPING,102500,Boa Vista , RR
ROYAL PLAZA SHOPPING,9324,Santa Maria , RS
ROYAL PLAZA SHOPPING LONDRINA,3764,Londrina , PR
RUA DA PRAIA SHOPPING,2968,Porto Alegre , RS
SALGUEIRO SHOPPING,6319,Salgueiro , PE
SALINAS SHOPPING,40000,Fortaleza , CE
SALVADOR NORTE SHOPPING,52868,Salvador , BA
SALVADOR SHOPPING,89597,Salvador , BA
SANTA MARIA SHOPPING,0,Brasília , DF
SANTANA PARQUE SHOPPING,29452,São Paulo , SP
SÃO BERNARDO PLAZA SHOPPING,104797,São Bernardo do Campo , SP
SÃO GONÇALO SHOPPING,69460,São Gonçalo , RJ
SÃO LUÍS SHOPPING CENTER,149700,São Luís , MA
SERRAMAR SHOPPING,163000,Caraguatatuba , SP
SERRASUL SHOPPING,145155,Pouso Alegre , MG
SHOPPING ABC,33287,Santo André , SP
SHOPPING ALEGRIA,45000,Várzea Paulista , SP
SHOPPING AMÉRICO SILVA,1158,Três Rios , RJ
SHOPPING ANÁLIA FRANCO,0,São Paulo , SP
SHOPPING ARAGUAIA GURUPI,40000,Gurupi , TO
SHOPPING AVENIDA,11025,Feira de Santana , BA
SHOPPING AVENIDA CENTER DOURADOS,0,Dourados , MS
SHOPPING AVENIDA CENTER MARINGÁ,24849,Maringá , PR
SHOPPING BARRA,43783,Salvador , BA
SHOPPING BAY MARKET,7047,NITERÓI , RJ
SHOPPING BELA VISTA,72000,Salvador , BA
SHOPPING BENFICA,29284,Fortaleza , CE
SHOPPING BOA VISTA,8887,Recife , PE
SHOPPING BONSUCESSO,87932,Guarulhos , SP
SHOPPING BOSQUE DOS IPÊS,144500,Campo Grande , MS
SHOPPING BOSQUE GRÃO PARÁ,125000,Belém , PA
SHOPPING BOUGAINVILLE,7300,Goiânia , GO
SHOPPING BOULEVARD,19033,Rio de Janeiro , RJ
SHOPPING BOULEVARD GARDEN ARAXÁ,4030,Araxá , MG
SHOPPING CAJAZEIRAS,9773,Salvador , BA
SHOPPING CAMPO GRANDE,127971,Campo Grande , MS
SHOPPING CAMPO LIMPO,33706,São Paulo , SP
SHOPPING CARPINA,0,Carpina , PE
SHOPPING CENTER 3,7000,São Paulo , SP
SHOPPING CENTER AGUAVERDE,6000,Curitiba , PR
SHOPPING CENTER CIDADE DAS FLORES,17124,Joinville , SC
SHOPPING CENTER COSTA DOURADA,78633,Cabo de Santo Agostinho , PE
SHOPPING CENTER FERNANDÓPOLIS,76337,Fernandópolis , SP
SHOPPING CENTER IGUATEMI CAMPINAS,0,Campinas , SP
SHOPPING CENTER IGUATEMI ESPLANADA,68485,Sorocaba , SP
SHOPPING CENTER IGUATEMI PORTO ALEGRE,0,Porto Alegre , RS
SHOPPING CENTER IGUATEMI RIBEIRÃO PRETO,100104,Ribeirão Preto , SP
SHOPPING CENTER IGUATEMI SÃO CARLOS,0,São Carlos , SP
SHOPPING CENTER IGUATEMI SÃO PAULO,0,São Paulo , SP
SHOPPING CENTER LAPA SALVADOR,8577,Salvador , BA
SHOPPING CENTER LAPASP,6887,São Paulo , SP
SHOPPING CENTER NORTE,164788,São Paulo , SP
SHOPPING CENTER PARALELA,60000,Salvador , BA
SHOPPING CENTER PENHA,22894,São Paulo , SP
SHOPPING CENTER PIEDADE,13581,Salvador , BA
SHOPPING CENTER RIO CLARO,65000,Rio Claro , SP
SHOPPING CENTER TRÊS AMÉRICAS,17099,Cuiabá , MT
SHOPPING CENTER UBERABA,115000,Uberaba , MG
SHOPPING CENTRO,0,São José dos Campos , SP
SHOPPING CENTRONORTE,6629,Apucarana , PR
SHOPPING CERRADO,64672,Goiânia , GO
SHOPPING CIDADE,7551,Belo Horizonte , MG
SHOPPING CIDADE CURITIBA,24000,Curitiba , PR
SHOPPING CIDADE DAS ARTES,0,Embu das Artes , SP
SHOPPING CIDADE DOS LAGOS,67000,Guarapuava , PR
SHOPPING CIDADE JARDIM,26919,Goiânia , GO
SHOPPING CIDADE JARDIM,19242,São Paulo , SP
SHOPPING CIDADE JARDIM NATAL,13392,Natal , RN
SHOPPING CIDADE LESTE,22000,Manaus , AM
SHOPPING CIDADE LUZ,52000,Guarabira , PB
SHOPPING CIDADE MARINGÁ,37463,Maringá , PR
SHOPPING CIDADE NORTE,70597,São José do Rio Preto , SP
SHOPPING CIDADE SÃO PAULO,11953,São Paulo , SP
SHOPPING CIDADE SOROCABA,60000,Sorocaba , SP
SHOPPING CIDADE VERDE,13000,Parnamirim , RN
SHOPPING CONJUNTO NACIONAL,21068,Brasília , DF
SHOPPING CONQUISTA SUL,34200,Vitória da Conquista , BA
SHOPPING CONTAGEM,37787,Contagem , MG
SHOPPING CRYSTAL,8351,Curitiba , PR
SHOPPING CURITIBA,14206,Curitiba , PR
SHOPPING D,28967,São Paulo , SP
SHOPPING DA BAHIA,93620,Salvador , BA
SHOPPING DA GÁVEA,11124,Rio de Janeiro , RJ
SHOPPING DA ILHA,43019,São Luís , MA
SHOPPING DA VILA,56412,Delmiro Gouveia , AL
SHOPPING DEL PASEO,10000,Fortaleza , CE
SHOPPING DEL REY,69638,Belo Horizonte , MG
SHOPPING DIADEMA,16745,Diadema , SP
SHOPPING DIFUSORA,10000,Caruaru , PE
SHOPPING DO AUTOMÓVEL HOLANDESES,15500,São Luís , MA
SHOPPING DO MÉIER,0,Rio de Janeiro , RJ
SHOPPING DO VALE,0,Cachoeirinha , RS
SHOPPING DOWNTOWN,0,Rio de Janeiro , RJ
SHOPPING ELDORADO,70726,São Paulo , SP
SHOPPING ESTAÇÃO,32749,Curitiba , PR
SHOPPING ESTAÇÃO BH,58457,Belo Horizonte , MG
SHOPPING ESTAÇÃO CUIABÁ,65767,Cuiabá , MT
SHOPPING ESTAÇÃO GOIÂNIA,68847,Goiânia , GO
SHOPPING ETC,0,Recife , PE
SHOPPING EUSÉBIO,44000,Eusébio , CE
SHOPPING FIESTA,70292,São Paulo , SP
SHOPPING FLAMINGO,0,Barueri , SP
SHOPPING FRANCO DA ROCHA,10006,Franco da Rocha , SP
SHOPPING FREI CANECA,10103,São Paulo , SP
SHOPPING GALERIA,4787,Osasco , SP
SHOPPING GALLO,6000,Goiânia , GO
SHOPPING GERMÂNIA,9427,Santa Cruz do Sul , RS
SHOPPING GRANDE CIRCULAR,21231,Manaus , AM
SHOPPING GRANDE RIO,160467,São João de Meriti , RJ
SHOPPING GRANJA VIANNA,32952,Cotia , SP
SHOPPING GUARARAPES,130000,Jaboatão dos Guararapes , PE
SHOPPING HORTOLÂNDIA,23105,Hortolândia , SP
SHOPPING IBIRAPUERA,37148,São Paulo , SP
SHOPPING ID,14000,Brasília , DF
SHOPPING IGARASSU,10277,Igarassu , PE
SHOPPING IGUATEMI ALPHAVILLE,0,Barueri , SP
SHOPPING IGUATEMI BRASÍLIA,34658,Brasília , DF
SHOPPING IGUATEMI SÃO JOSÉ DO RIO PRETO,100000,São José do Rio Preto , SP
SHOPPING INTERLAGOS,480000,São Paulo , SP
SHOPPING ITAGUAÇU,80000,São José , SC
SHOPPING ITAIGARA,10785,Salvador , BA
SHOPPING JARAGUÁ ARARAQUARA,111638,Araraquara , SP
SHOPPING JARAGUÁ CENESP,250000,São Paulo , SP
SHOPPING JARAGUÁ INDAIATUBA,14008,Indaiatuba , SP
SHOPPING JARDIM DAS AMÉRICAS,14391,Curitiba , PR
SHOPPING JARDIM GUADALUPE,63900,Rio de Janeiro , RJ
SHOPPING JARDIM NORTE,80000,Juiz de Fora , MG
SHOPPING JARDIM ORIENTE,250000,São José dos Campos , SP
SHOPPING JARDIM SUL,22973,São Paulo , SP
SHOPPING JARDINS,132600,Aracaju , SE
SHOPPING JEQUITI,56483,Guarujá , SP
SHOPPING JEQUITIBÁ,30098,Itabuna , BA
SHOPPING JK IGUATEMI,0,São Paulo , SP
SHOPPING JOÃO PESSOA,4739,Porto Alegre , RS
SHOPPING LA PLAGE,5905,Guarujá , SP
SHOPPING LAJEADO,22394,Lajeado , RS
SHOPPING LAR CENTER,123137,São Paulo , SP
SHOPPING LEBLON,16709,Rio de Janeiro , RJ
SHOPPING LIGHT,18600,São Paulo , SP
SHOPPING LUPO,10195,Araraquara , SP
SHOPPING MANAUS VIANORTE,172097,Manaus , AM
SHOPPING MANDACARU BOULEVARD,44500,Maringá , PR
SHOPPING MEGA POLO MODA GOIANIA,71303,Goiânia , GO
SHOPPING MESTRE ÁLVARO,34000,Serra , ES
SHOPPING METRÔ BOULEVARD TATUAPÉ,14439,São Paulo , SP
SHOPPING METRÔ ITAQUERA,119330,São Paulo , SP
SHOPPING METRÔ SANTA CRUZ,7916,São Paulo , SP
SHOPPING METRÔ TATUAPÉ,32128,São Paulo , SP
SHOPPING METRÔ TUCURUVI,44498,São Paulo , SP
SHOPPING METRÓPOLE,59890,São Bernardo do Campo , SP
SHOPPING METRÓPOLE ANANINDEUA,183933,Ananindeua , PA
SHOPPING METROPOLITANO BARRA,205335,Rio de Janeiro , RJ
SHOPPING MINASCASA,11922,Belo Horizonte , MG
SHOPPING MONTSERRAT,10021,Serra , ES
SHOPPING MOXUARA,33176,Cariacica , ES
SHOPPING MUELLER DE CURITIBA,13111,Curitiba , PR
SHOPPING MUELLER JOINVILLE,22560,Joinville , SC
SHOPPING NAÇÕES UNIDAS,33000,São Paulo , SP
SHOPPING NORTE SUL,11000,Vitória , ES
SHOPPING NOVA AMÉRICA,135164,Rio de Janeiro , RJ
SHOPPING NOVA IGUAÇU,344576,Nova Iguaçu , RJ
SHOPPING NOVO BATEL,0,Curitiba , PR
SHOPPING ÓRION,7668,Goiânia , GO
SHOPPING ORIUNDI,22520,Aracruz , ES
SHOPPING PALLADIUM CURITIBA,43000,Curitiba , PR
SHOPPING PALLADIUM PONTA GROSSA,21000,Ponta Grossa , PR
SHOPPING PALLADIUM UMUARAMA,91000,Umuarama , PR
SHOPPING PARANGABA,52658,Fortaleza , CE
SHOPPING PARK BOTUCATU,79493,Botucatu , SP
SHOPPING PARK DESIGN,15000,Brasília , DF
SHOPPING PARK EUROPEU,40937,Blumenau , SC
SHOPPING PARK LAGOS,98730,Cabo Frio , RJ
SHOPPING PARK SUL,85000,Volta Redonda , RJ
SHOPPING PARKCITY SUMARÉ,47793,Sumaré , SP
SHOPPING PARQUE BALNEÁRIO,5000,Santos , SP
SHOPPING PARQUE DA CIDADE,12000,São Paulo , SP
SHOPPING PARQUE DAS BANDEIRAS,342731,Campinas , SP
SHOPPING PASEO ITAIGARA,13883,Salvador , BA
SHOPPING PASSEIO (SÃO LUIS),6400,São Luís , MA
SHOPPING PÁTIO BELÉM,38218,Belém , PA
SHOPPING PÁTIO DIVINÓPOLIS,29800,Divinópolis , MG
SHOPPING PÁTIO GUARULHOS,35499,Guarulhos , SP
SHOPPING PÁTIO HIGIENÓPOLIS,0,São Paulo , SP
SHOPPING PÁTIO MACEIÓ,122019,Maceió , AL
SHOPPING PÁTIO PAULISTA,13412,São Paulo , SP
SHOPPING PÁTIO PETRÓPOLIS,0,Petrópolis , RJ
SHOPPING PÁTIO PINDA,120000,Pindamonhangaba , SP
SHOPPING PATTEO OLINDA,24273,Olinda , PE
SHOPPING PATTEO URUPEMA,3765,Mogi das Cruzes , SP
SHOPPING PEIXOTO,23400,Itabaiana , SE
SHOPPING PELOTAS,89781,Pelotas , RS
SHOPPING PIER 21,49802,Brasília , DF
SHOPPING PIRACICABA,98000,Piracicaba , SP
SHOPPING PIRATA’S,38799,Angra dos Reis , RJ
SHOPPING PLAZA MACAÉ,60000,Macaé , RJ
SHOPPING PONTA NEGRA,53264,Manaus , AM
SHOPPING PORTO MILLER BOULEVARD,8154,Porto Feliz , SP
SHOPPING PRAÇA DA MOÇA,20862,Diadema , SP
SHOPPING PRAÇA NOVA ARAÇATUBA,39089,Araçatuba , SP
SHOPPING PRAÇA NOVA SANTA MARIA,122117,Santa Maria , RS
SHOPPING PRAIA DA COSTA,28475,Vila Velha , ES
SHOPPING PRÊMIO,65000,Nossa Senhora do Socorro , SE
SHOPPING RECIFE,185302,Recife , PE
SHOPPING REPUBLICA,20000,Goiânia , GO
SHOPPING RIO POTY,79280,Teresina , PI
SHOPPING RIO VERDE,27000,Rio Verde , GO
SHOPPING RIOMAR RECIFE,201710,Recife , PE
SHOPPING SANTA ÚRSULA,63506,Ribeirão Preto , SP
SHOPPING SÃO JOSÉ,14000,Manaus , AM
SHOPPING SÃO JOSÉ,14543,São José dos Pinhais , PR
SHOPPING SERRA DOURADA,90000,Altamira , PA
SHOPPING SERRA TALHADA,31658,Serra Talhada , PE
SHOPPING SERRINHA,32220,Serrinha , BA
SHOPPING SETE LAGOAS,72332,Sete Lagoas , MG
SHOPPING SINOP,200000,Sinop , MT
SHOPPING SP MARKET,163995,São Paulo , SP
SHOPPING SPAZIO OURO VERDE,15765,Campinas , SP
SHOPPING SUL,64449,Valparaíso de Goiás , GO
SHOPPING TABOÃO,173308,Taboão da Serra , SP
SHOPPING TACARUNA,76958,Recife , PE
SHOPPING TAMBIÁ,11270,João Pessoa , PB
SHOPPING TAMBORÉ,160554,Barueri , SP
SHOPPING TERMINAL CENTRAL,15745,Uberlândia , MG
SHOPPING TIJUCA,13449,Rio de Janeiro , RJ
SHOPPING TOTAL (PORTO ALEGRE),55039,Porto Alegre , RS
SHOPPING TOTAL PONTA GROSSA,0,Ponta Grossa , PR
SHOPPING TRÊS LAGOAS,120000,Três Lagoas , MS
SHOPPING UNIÃO DE OSASCO,225213,Osasco , SP
SHOPPING UNIGRANRIO,4500,Duque de Caxias , RJ
SHOPPING VALE DO AÇO,67480,Ipatinga , MG
SHOPPING VALINHOS,28647,Valinhos , SP
SHOPPING VIACATARINA,13850,Palhoça , SC
SHOPPING VILA OLÍMPIA,10928,São Paulo , SP
SHOPPING VILA VELHA,139067,Vila Velha , ES
SHOPPING VILLA LOBOS,30000,São Paulo , SP
SHOPPING VILLAGIO CAXIAS,156462,Caxias do Sul , RS
SHOPPING VITÓRIA,87830,Vitória , ES
SHOPPING WEST PLAZA,18838,São Paulo , SP
SHOPPING WEST SIDE,25000,Cascavel , PR
SHOPS JARDINS,2738,São Paulo , SP
SIDER SHOPPING,4713,Volta Redonda , RJ
SOBRAL SHOPPING,38170,Sobral , CE
SOROCABA SHOPPING CENTER,28635,Sorocaba , SP
STUDIO 5 SHOPPING,110219,Manaus , AM
SUMAÚMA PARK SHOPPING,137853,Manaus , AM
SUPERSHOPPING OSASCO,133299,Osasco , SP
SUZANO SHOPPING,50145,Suzano , SP
TABOÃO PLAZA OUTLET,34440,Taboão da Serra , SP
TAGUATINGA SHOPPING,44162,Brasília , DF
TAQUARA PLAZA SHOPPING,44326,Rio de Janeiro , RJ
TAUBATÉ SHOPPING CENTER,82383,Taubaté , SP
TERESINA SHOPPING,157841,Teresina , PI
TERESÓPOLIS SHOPPING CENTER,9105,Teresópolis , RJ
TERRAÇO SHOPPING,24860,Brasília , DF
TERRAZO SHOPPING,68000,Eusébio , CE
TIETÊ PLAZA SHOPPING,45599,São Paulo , SP
TIVOLI SHOPPING,95573,Santa Bárbara d'Oeste , SP
TOCANTINS SHOPPING,0,Imperatriz , MA
TOP CENTER SHOPPING,25830,São Paulo , SP
TOPSHOPPING (RJ),11141,Nova Iguaçu , RJ
TRIMAIS PLACES,0,São Paulo , SP
UBERLÂNDIA SHOPPING,156224,Uberlândia , MG
UNIMART SHOPPING CAMPINAS,0,Campinas , SP
UPTOWN BARRA,128000,Rio de Janeiro , RJ
VALE SUL SHOPPING,230000,São José dos Campos , SP
VÁRZEA GRANDE SHOPPING,25846,Várzea Grande , MT
VENÂNCIO SHOPPING,8000,Brasília , DF
VENTURA SHOPPING,31000,Curitiba , PR
VIA BRASIL SHOPPING,19010,Rio de Janeiro , RJ
VIA CAFÉ SHOPPING CENTER,40000,VARGINHA , MG
VIA DIRETA SHOPPING CENTER,35638,Natal , RN
VIA PARQUE SHOPPING,105111,Rio de Janeiro , RJ
VIA SUL SHOPPING,16720,Fortaleza , CE
VIA VALE SHOPPING,81094,Taubaté , SP
VIA VERDE SHOPPING,121104,Rio Branco , AC
VIABRASIL PAMPULHA,26238,Belo Horizonte , MG
VIASHOPPING BARREIRO,57167,Belo Horizonte , MG
VILLA MULTIMALL,19168,Santa Bárbara d'Oeste , SP
CATARINA FASHION OUTLET,436909,São Roque , SP
CITY CENTER OUTLET PREMIUM,290000,Campo Largo , PR
I FASHION OUTLET NOVO HAMBURGO,176000,Novo Hamburgo , RS
I FASHION OUTLET SANTA CATARINA,213000,Tijucas , SC
OUTLET FERNÃO DIAS,94709,Atibaia , SP
OUTLET PREMIUM BRASÍLIA,121258,Alexânia , GO
OUTLET PREMIUM FORTALEZA,0,Caucaia , CE
PORTO BELO OUTLET PREMIUM,300000,Porto Belo , SC
RECIFE OUTLET,77675,Moreno , PE
SÓ MARCAS BH OUTLET,95000,Belo Horizonte , MG
GLICÉRIO BOULEVARD,4400,Suzano , SP
RIO 2 SHOPPING,0,Rio de Janeiro , RJ
VILLAGIO MALL CENTER,5943,Bauru , SP
ASSIS PLAZA SHOPPING,1991,Assis , SP
MEGA MODA PARK,9920,Goiânia , GO
RIVIERA SHOPPING,37393,Bertioga , SP
SHOPPING CENTER PACO DO OUVIDOR,2000,Rio de Janeiro , RJ
